{"cameraMode":{"drawMode":0,"name":"Shaded","section":"Shading Mode"},"sceneLighting":false,"audioPlay":false,"sceneViewState":{"showFog":true,"showMaterialUpdate":false,"showSkybox":true,"showFlares":true,"showImageEffects":true,"showParticleSystems":true},"in2DMode":false,"pivot":{"x":9.5367431640625e-7,"y":0.0000019073486328125,"z":0.0},"rotation":{"x":-0.036221493035554889,"y":-0.9562671184539795,"z":0.2892226278781891,"w":-0.04389312490820885},"size":54.727779388427737,"orthographic":false}