{"cameraMode":{"drawMode":0,"name":"Shaded","section":"Shading Mode"},"sceneLighting":true,"audioPlay":false,"sceneViewState":{"showFog":true,"showMaterialUpdate":true,"showSkybox":true,"showFlares":true,"showImageEffects":true,"showParticleSystems":true},"in2DMode":false,"pivot":{"x":295.65374755859377,"y":512.7203369140625,"z":-347.29547119140627},"rotation":{"x":-0.0552113838493824,"y":-0.8815154433250427,"z":0.010333449579775334,"w":-0.47075536847114565},"size":1541.362060546875,"orthographic":false}