{"cameraMode":{"drawMode":0,"name":"Shaded","section":"Shading Mode"},"sceneLighting":false,"audioPlay":false,"sceneViewState":{"showFog":true,"showMaterialUpdate":false,"showSkybox":true,"showFlares":true,"showImageEffects":true,"showParticleSystems":true},"in2DMode":false,"pivot":{"x":-8.221549987792969,"y":33.285743713378909,"z":-0.4901695251464844},"rotation":{"x":-0.023332230746746064,"y":0.48725754022598269,"z":0.012956374324858189,"w":0.8728885650634766},"size":149.22698974609376,"orthographic":false}