{"cameraMode":{"drawMode":0,"name":"Shaded","section":"Shading Mode"},"sceneLighting":false,"audioPlay":false,"sceneViewState":{"showFog":true,"showMaterialUpdate":false,"showSkybox":true,"showFlares":true,"showImageEffects":true,"showParticleSystems":true},"in2DMode":false,"pivot":{"x":0.0,"y":24.949941635131837,"z":-33.89999771118164},"rotation":{"x":0.05255463346838951,"y":-0.9466384649276733,"z":0.24404655396938325,"w":0.20385447144508363},"size":90.49893188476563,"orthographic":false}