{"cameraMode":{"drawMode":0,"name":"Shaded","section":"Shading Mode"},"sceneLighting":false,"audioPlay":false,"sceneViewState":{"showFog":true,"showMaterialUpdate":false,"showSkybox":true,"showFlares":true,"showImageEffects":true,"showParticleSystems":true},"in2DMode":false,"pivot":{"x":97.15677642822266,"y":-20.3358154296875,"z":-88.16487121582031},"rotation":{"x":-0.581005334854126,"y":0.2150319516658783,"z":-0.18808333575725556,"w":-0.7629379034042358},"size":591.7822265625,"orthographic":false}