{"cameraMode":{"drawMode":0,"name":"Shaded","section":"Shading Mode"},"sceneLighting":true,"audioPlay":false,"sceneViewState":{"showFog":true,"showMaterialUpdate":false,"showSkybox":true,"showFlares":true,"showImageEffects":true,"showParticleSystems":true},"in2DMode":false,"pivot":{"x":736.063720703125,"y":349.73681640625,"z":-93.98651123046875},"rotation":{"x":-0.014021219685673714,"y":0.6804435849189758,"z":0.049762774258852008,"w":0.7319904565811157},"size":1663.929931640625,"orthographic":false}