{"cameraMode":{"drawMode":0,"name":"Shaded","section":"Shading Mode"},"sceneLighting":true,"audioPlay":false,"sceneViewState":{"showFog":true,"showMaterialUpdate":true,"showSkybox":true,"showFlares":true,"showImageEffects":true,"showParticleSystems":true},"in2DMode":false,"pivot":{"x":584.8655395507813,"y":132.1708984375,"z":-27.899999618530275},"rotation":{"x":-0.006142378319054842,"y":0.04601536691188812,"z":-0.044785261154174808,"w":-0.998823881149292},"size":67.44044494628906,"orthographic":false}