{"cameraMode":{"drawMode":0,"name":"Shaded","section":"Shading Mode"},"sceneLighting":false,"audioPlay":false,"sceneViewState":{"showFog":true,"showMaterialUpdate":false,"showSkybox":true,"showFlares":true,"showImageEffects":true,"showParticleSystems":true},"in2DMode":false,"pivot":{"x":-243.21197509765626,"y":-322.6217041015625,"z":-306.248779296875},"rotation":{"x":0.3287784159183502,"y":0.2904360592365265,"z":-0.1064138114452362,"w":0.8924237489700317},"size":1323.0828857421875,"orthographic":false}