{"cameraMode":{"drawMode":0,"name":"Shaded","section":"Shading Mode"},"sceneLighting":false,"audioPlay":false,"sceneViewState":{"showFog":true,"showMaterialUpdate":false,"showSkybox":true,"showFlares":true,"showImageEffects":true,"showParticleSystems":true},"in2DMode":false,"pivot":{"x":20.709999084472658,"y":0.0,"z":0.33000004291534426},"rotation":{"x":0.2475365847349167,"y":0.5444943308830261,"z":-0.1722068339586258,"w":0.7826983332633972},"size":5.7157673835754398,"orthographic":false}